<?xml version="1.0" encoding="UTF-8"?>
<project-private xmlns="http://www.netbeans.org/ns/project-private/1">
    <editor-bookmarks xmlns="http://www.netbeans.org/ns/editor-bookmarks/2" lastBookmarkId="0"/>
    <open-files xmlns="http://www.netbeans.org/ns/projectui-open-files/2">
        <group>
            <file>file:/D:/L1/Cours/Info2B/Jeu_Memory/src/Jeu.java</file>
            <file>file:/D:/L1/Cours/Info2B/Jeu_Memory/src/Action.java</file>
            <file>file:/D:/L1/Cours/Info2B/Jeu_Memory/src/JeuMemory.java</file>
            <file>file:/D:/L1/Cours/Info2B/Jeu_Memory/src/PlateauJeu.java</file>
            <file>file:/D:/L1/Cours/Info2B/Jeu_Memory/src/Bataille.java</file>
            <file>file:/D:/L1/Cours/Info2B/Jeu_Memory/src/OptionDlg.java</file>
            <file>file:/D:/L1/Cours/Info2B/Jeu_Memory/src/SaisieJoueurDlg.java</file>
            <file>file:/D:/L1/Cours/Info2B/Jeu_Memory/src/LesPersonnages.java</file>
            <file>file:/D:/L1/Cours/Info2B/Jeu_Memory/src/BatailleDlg.java</file>
        </group>
    </open-files>
</project-private>
